{
    "UCTUft3ORldlcVJ-E-feDlIA": {
        "name": "SKYD GAMING",
        "video_id": "Bjci9pdwL7U",
        "timestamp": 39.277,
        "link": "https://youtu.be/Bjci9pdwL7U?t=39",
        "message": "lol",
        "ago": "Streamed 4 years ago"
    },
    "UCbZZmB8L3IEHutGbvpWo9Ow": {
        "name": "Suraj",
        "video_id": "Bjci9pdwL7U",
        "timestamp": 52.51,
        "link": "https://youtu.be/Bjci9pdwL7U?t=52",
        "message": "bhai test kia bas",
        "ago": "Streamed 4 years ago"
    },
    "UCZwNcGQ9GAOzrYOTNpNmh_w": {
        "name": "Satyaki Das",
        "video_id": "K6_bXB2d3I8",
        "timestamp": 809.936,
        "link": "https://youtu.be/K6_bXB2d3I8?t=809",
        "message": "huehue",
        "ago": "Streamed 2 years ago"
    },
    "UC3RJzoMKImajgGqmoYeXlUQ": {
        "name": "Naman Agrawal",
        "video_id": "84by2MJytxw",
        "timestamp": 23.248,
        "link": "https://youtu.be/84by2MJytxw?t=23",
        "message": "hi",
        "ago": "Streamed 2 years ago"
    },
    "UCLcNciLKdI380VqdpDlIbxw": {
        "name": "Eupho",
        "video_id": "84by2MJytxw",
        "timestamp": 3406.301,
        "link": "https://youtu.be/84by2MJytxw?t=3406",
        "message": "good",
        "ago": "Streamed 2 years ago"
    },
    "UC9EsHxvj8oKZvvL_noomiEw": {
        "name": "The Nemesis",
        "video_id": "znwByW7d3vs",
        "timestamp": 2591.6,
        "link": "https://youtu.be/znwByW7d3vs?t=2591",
        "message": "TN is back kese ho bro",
        "ago": "Streamed 2 years ago"
    },
    "UC2Zxs0sdD9Wc03mvncpQ95Q": {
        "name": "bigdamnhero",
        "video_id": "D_FWVge5TJk",
        "timestamp": 595.926,
        "link": "https://youtu.be/D_FWVge5TJk?t=595",
        "message": "hello babe",
        "ago": "Streamed 2 years ago"
    },
    "UCWQ0VwuDP7fjvdZv3UjsiWg": {
        "name": "Wra1th",
        "video_id": "o93YyfVgLsI",
        "timestamp": 142.321,
        "link": "https://youtu.be/o93YyfVgLsI?t=142",
        "message": "imagine not playing valorant",
        "ago": "Streamed 2 years ago"
    },
    "UCFDnPgNBbnZLXA-VOB19hQQ": {
        "name": "Logistaa",
        "video_id": "yyquO1TMCKE",
        "timestamp": 945.324,
        "link": "https://youtu.be/yyquO1TMCKE?t=945",
        "message": "omg",
        "ago": "Streamed 1 year ago"
    },
    "UCaqec6IL0ixnxZo-bIk7tYg": {
        "name": "Apoodle",
        "video_id": "yyquO1TMCKE",
        "timestamp": 1217.773,
        "link": "https://youtu.be/yyquO1TMCKE?t=1217",
        "message": "there :slightly_smiling_face:",
        "ago": "Streamed 1 year ago"
    },
    "UCvhVjTB5uaNxk__oe_oE5AA": {
        "name": "Anmol Johri",
        "video_id": "yyquO1TMCKE",
        "timestamp": 2350.228,
        "link": "https://youtu.be/yyquO1TMCKE?t=2350",
        "message": "ssup AG ",
        "ago": "Streamed 1 year ago"
    },
    "UCmKWQn4ghcZ734Xnd6n_7Tw": {
        "name": "Aero&Zero",
        "video_id": "yyquO1TMCKE",
        "timestamp": 2897.966,
        "link": "https://youtu.be/yyquO1TMCKE?t=2897",
        "message": "token leak pls",
        "ago": "Streamed 1 year ago"
    },
    "UC26iCMRnRwgp4eEQTFXKY5Q": {
        "name": "profession_se_doctor",
        "video_id": "yyquO1TMCKE",
        "timestamp": 5270.527,
        "link": "https://youtu.be/yyquO1TMCKE?t=5270",
        "message": "heyyy cutie",
        "ago": "Streamed 1 year ago"
    },
    "UCgBS9LlxKXXnHqMqXJq19ng": {
        "name": "Esports Guy",
        "video_id": "Ffq-lxc_1XU",
        "timestamp": 314.427,
        "link": "https://youtu.be/Ffq-lxc_1XU?t=314",
        "message": "baby",
        "ago": "Streamed 1 year ago"
    },
    "UC5_dKmgVOjWJi-f4NOdwlPw": {
        "name": "Harshal Thakur",
        "video_id": "Ffq-lxc_1XU",
        "timestamp": 599.223,
        "link": "https://youtu.be/Ffq-lxc_1XU?t=599",
        "message": "ok let's aim for 10like :thumbs_up:",
        "ago": "Streamed 1 year ago"
    },
    "UCn3sMv5fqcgq-Qm4SAKRi2A": {
        "name": "shiv Anurag sredhar",
        "video_id": "Ffq-lxc_1XU",
        "timestamp": 851.06,
        "link": "https://youtu.be/Ffq-lxc_1XU?t=851",
        "message": "I'll be the 10th :grinning_face:",
        "ago": "Streamed 1 year ago"
    },
    "UCZWPawMwf4EBi6hvyieUPAw": {
        "name": "sammmmm",
        "video_id": "Ffq-lxc_1XU",
        "timestamp": 1685.968,
        "link": "https://youtu.be/Ffq-lxc_1XU?t=1685",
        "message": "harsh :pleading_face:",
        "ago": "Streamed 1 year ago"
    },
    "UC70pycO86b84tDtI4JSjEKA": {
        "name": "Sanskriti",
        "video_id": "Ffq-lxc_1XU",
        "timestamp": 1980.438,
        "link": "https://youtu.be/Ffq-lxc_1XU?t=1980",
        "message": "AG :eyes:",
        "ago": "Streamed 1 year ago"
    },
    "UC-IkUPPdO_Oj1gC2SLpM41w": {
        "name": "Itx_sa3m",
        "video_id": "Ffq-lxc_1XU",
        "timestamp": 3185.326,
        "link": "https://youtu.be/Ffq-lxc_1XU?t=3185",
        "message": "mai rukta hu :relieved_face:",
        "ago": "Streamed 1 year ago"
    },
    "UCsmU0gjDt6EDMnTDqr4My7A": {
        "name": "NADEKING",
        "video_id": "9kwT7TndOzg",
        "timestamp": 84.852,
        "link": "https://youtu.be/9kwT7TndOzg?t=84",
        "message": "gimme mod",
        "ago": "Streamed 1 year ago"
    },
    "UCUWNT7vQZvF21eLy1IM2gSg": {
        "name": "Sonal Singh",
        "video_id": "9kwT7TndOzg",
        "timestamp": 117.624,
        "link": "https://youtu.be/9kwT7TndOzg?t=117",
        "message": "mod mod mod:face_with_tears_of_joy::face_with_tears_of_joy:",
        "ago": "Streamed 1 year ago"
    },
    "UCKaGOG6cu-LVn_khVoGbHWQ": {
        "name": "Shubham",
        "video_id": "9kwT7TndOzg",
        "timestamp": 285.864,
        "link": "https://youtu.be/9kwT7TndOzg?t=285",
        "message": "lund ",
        "ago": "Streamed 1 year ago"
    },
    "UColOwMIK9HNYMUpb7hnysnA": {
        "name": "Aman sehgal",
        "video_id": "9kwT7TndOzg",
        "timestamp": 339.636,
        "link": "https://youtu.be/9kwT7TndOzg?t=339",
        "message": "handsome",
        "ago": "Streamed 1 year ago"
    },
    "UCptsmczdE8CCeESpk4hEZag": {
        "name": "GlitchyShaan",
        "video_id": "9kwT7TndOzg",
        "timestamp": 1810.264,
        "link": "https://youtu.be/9kwT7TndOzg?t=1810",
        "message": "oof coding mere dimaag ke baahar ki cheez",
        "ago": "Streamed 1 year ago"
    },
    "UCWuQVbVIE6cLTO-ow4VA2yw": {
        "name": "Sahil Arora",
        "video_id": "9kwT7TndOzg",
        "timestamp": 5481.561,
        "link": "https://youtu.be/9kwT7TndOzg?t=5481",
        "message": "kb??",
        "ago": "Streamed 1 year ago"
    },
    "UC2v7jig8fAkVTifhGMfBDug": {
        "name": "Deepayan Das",
        "video_id": "OaMLCwFtEBI",
        "timestamp": 316.92,
        "link": "https://youtu.be/OaMLCwFtEBI?t=316",
        "message": "python?",
        "ago": "Streamed 1 year ago"
    },
    "UCoRM1DMJUA8aP26PNJyMoPA": {
        "name": "Kartik Mehra",
        "video_id": "OaMLCwFtEBI",
        "timestamp": 4256.964,
        "link": "https://youtu.be/OaMLCwFtEBI?t=4256",
        "message": "hellewww",
        "ago": "Streamed 1 year ago"
    },
    "UCdMrMjhgjEm7GJwQM-4Fn0w": {
        "name": "GoT SkillZ?",
        "video_id": "OaMLCwFtEBI",
        "timestamp": 5888.563,
        "link": "https://youtu.be/OaMLCwFtEBI?t=5888",
        "message": "ur url is incorrect",
        "ago": "Streamed 1 year ago"
    },
    "UCjerlCIbLPQwSnYlClkjDXg": {
        "name": "StreamElements",
        "video_id": "8n1hwQxtWoI",
        "timestamp": 1392.965,
        "link": "https://youtu.be/8n1hwQxtWoI?t=1392",
        "message": "@AG, You can find a list of all Commands here https://StreamElements.com/se-6797338/commands",
        "ago": "Streamed 1 year ago"
    },
    "UCYkjMgLvBq06stLdK_kyZxQ": {
        "name": "Farzi",
        "video_id": "8n1hwQxtWoI",
        "timestamp": 4001.333,
        "link": "https://youtu.be/8n1hwQxtWoI?t=4001",
        "message": "bhot baada atak gya tha",
        "ago": "Streamed 1 year ago"
    },
    "UCWi0yuNvurohxtQ6H7L71Dw": {
        "name": "n3mmy",
        "video_id": "tbcUlRd9eag",
        "timestamp": 4026.687,
        "link": "https://youtu.be/tbcUlRd9eag?t=4026",
        "message": "lol you came in my recommendations",
        "ago": "Streamed 1 year ago"
    },
    "UCeIa-sBG1uXzH9oykD2mFeA": {
        "name": "Andrew Singh",
        "video_id": "tbcUlRd9eag",
        "timestamp": 5204.587,
        "link": "https://youtu.be/tbcUlRd9eag?t=5204",
        "message": "nope",
        "ago": "Streamed 1 year ago"
    },
    "UC1feqrJP9OHkEoxxmu4Vxww": {
        "name": "Tushar Sehgal",
        "video_id": "tbcUlRd9eag",
        "timestamp": 5411.6,
        "link": "https://youtu.be/tbcUlRd9eag?t=5411",
        "message": "copyright lagega]",
        "ago": "Streamed 1 year ago"
    },
    "UCYot1w68bqPeBC_Vj1SnUiQ": {
        "name": "PRO Aggression",
        "video_id": "tbcUlRd9eag",
        "timestamp": 6964.883,
        "link": "https://youtu.be/tbcUlRd9eag?t=6964",
        "message": "bisi silvers aa gye the team ",
        "ago": "Streamed 1 year ago"
    },
    "UCjpghXK_JHU7TKUBXVRFujQ": {
        "name": "Mayank",
        "video_id": "tbcUlRd9eag",
        "timestamp": 7971.512,
        "link": "https://youtu.be/tbcUlRd9eag?t=7971",
        "message": "last game was lit :grinning_squinting_face:",
        "ago": "Streamed 1 year ago"
    },
    "UCbBY7LRpwi9zpNMB0JJY5bA": {
        "name": "Naman Sharma",
        "video_id": "tbcUlRd9eag",
        "timestamp": 8200.443,
        "link": "https://youtu.be/tbcUlRd9eag?t=8200",
        "message": "dude you might get dmca'd from this",
        "ago": "Streamed 1 year ago"
    },
    "UCQQtHQLBu-ntWGHzGBwRpkA": {
        "name": "RuN BoosT",
        "video_id": "gcxsp8uP7tY",
        "timestamp": 2097.712,
        "link": "https://youtu.be/gcxsp8uP7tY?t=2097",
        "message": ":astonished_face:",
        "ago": "Streamed 1 year ago"
    },
    "UCvSdMjzMGXmMn2IJ2-wegFA": {
        "name": "sandeep madhusudan sahoo",
        "video_id": "p0BOyiE-br0",
        "timestamp": 4437.892,
        "link": "https://youtu.be/p0BOyiE-br0?t=4437",
        "message": "we played opponents",
        "ago": "Streamed 1 year ago"
    },
    "UCemLKlNYQVciB8dqObXHvvw": {
        "name": "Sidram Yalgeti",
        "video_id": "p0BOyiE-br0",
        "timestamp": 5998.615,
        "link": "https://youtu.be/p0BOyiE-br0?t=5998",
        "message": "hi bro",
        "ago": "Streamed 1 year ago"
    },
    "UCajnLKb8Fg8z_T06OmsIOLQ": {
        "name": "Kuldeep Singh",
        "video_id": "zfbeHX8cDP8",
        "timestamp": 6713.352,
        "link": "https://youtu.be/zfbeHX8cDP8?t=6713",
        "message": "sad life",
        "ago": "Streamed 1 year ago"
    }
}